{"stats":{"minecraft:killed":{"minecraft:zombie":1},"minecraft:picked_up":{"minecraft:birch_log":7,"minecraft:stick":1,"minecraft:rotten_flesh":2,"minecraft:potato":1,"minecraft:birch_sapling":1,"minecraft:dirt":5,"minecraft:cobblestone":1},"minecraft:crafted":{"minecraft:birch_planks":28,"minecraft:crafting_table":2,"minecraft:stick":8},"minecraft:killed_by":{"minecraft:player":3},"minecraft:mined":{"minecraft:short_grass":1,"minecraft:grass_block":2,"minecraft:dirt":3,"minecraft:birch_log":7},"minecraft:custom":{"minecraft:time_since_rest":86,"minecraft:crouch_one_cm":40,"minecraft:play_time":16569,"minecraft:sprint_one_cm":41503,"minecraft:walk_one_cm":13732,"minecraft:damage_taken":702,"minecraft:deaths":3,"minecraft:sneak_time":162,"minecraft:walk_under_water_one_cm":1591,"minecraft:mob_kills":1,"minecraft:jump":448,"minecraft:damage_dealt":485,"minecraft:leave_game":1,"minecraft:time_since_death":0,"minecraft:walk_on_water_one_cm":469,"minecraft:total_world_time":16569,"minecraft:swim_one_cm":351,"minecraft:fall_one_cm":13449,"minecraft:fly_one_cm":52238},"minecraft:used":{"minecraft:dirt":4,"minecraft:crafting_table":2}},"DataVersion":3700}