{"stats":{"minecraft:picked_up":{"minecraft:stick":4,"minecraft:dirt":7},"minecraft:used":{"minecraft:dirt":7},"minecraft:mined":{"minecraft:large_fern":1,"minecraft:grass_block":7,"minecraft:dead_bush":2},"minecraft:custom":{"minecraft:jump":93,"minecraft:time_since_rest":3005,"minecraft:leave_game":1,"minecraft:crouch_one_cm":2,"minecraft:sprint_one_cm":7306,"minecraft:play_time":3005,"minecraft:damage_taken":120,"minecraft:time_since_death":3005,"minecraft:walk_one_cm":2630,"minecraft:sneak_time":4,"minecraft:total_world_time":3005,"minecraft:fall_one_cm":3865,"minecraft:fly_one_cm":12523}},"DataVersion":3700}