{"stats":{"minecraft:killed":{"minecraft:skeleton":1},"minecraft:picked_up":{"minecraft:birch_log":7,"minecraft:stick":9,"minecraft:potato":1,"minecraft:birch_planks":16,"minecraft:dirt":15,"minecraft:bone":2,"minecraft:rotten_flesh":2,"minecraft:birch_sapling":1,"minecraft:cobblestone":44},"minecraft:crafted":{"minecraft:wooden_sword":1,"minecraft:crafting_table":2,"minecraft:stick":8,"minecraft:wooden_pickaxe":1,"minecraft:stone_pickaxe":1,"minecraft:chest":1,"minecraft:furnace":1,"minecraft:birch_planks":28},"minecraft:mined":{"minecraft:birch_log":7,"minecraft:grass_block":7,"minecraft:dirt":9,"minecraft:stone":44},"minecraft:custom":{"minecraft:time_since_rest":11972,"minecraft:interact_with_furnace":2,"minecraft:sprint_one_cm":18468,"minecraft:damage_taken":448,"minecraft:walk_one_cm":17733,"minecraft:mob_kills":1,"minecraft:damage_dealt":497,"minecraft:swim_one_cm":566,"minecraft:interact_with_crafting_table":7,"minecraft:fly_one_cm":25565,"minecraft:player_kills":3,"minecraft:crouch_one_cm":753,"minecraft:play_time":15325,"minecraft:deaths":2,"minecraft:sneak_time":277,"minecraft:walk_under_water_one_cm":131,"minecraft:jump":225,"minecraft:leave_game":1,"minecraft:walk_on_water_one_cm":337,"minecraft:time_since_death":11651,"minecraft:total_world_time":15325,"minecraft:fall_one_cm":7111},"minecraft:used":{"minecraft:stone_pickaxe":26,"minecraft:wooden_pickaxe":19,"minecraft:wooden_sword":11,"minecraft:dirt":14,"minecraft:crafting_table":2,"minecraft:furnace":1}},"DataVersion":3700}